ID,Case Number,Date,Block,IUCR,Primary Type,Description,Location Description,Arrest,Domestic,Beat,District,Ward,Community Area,FBI Code,X Coordinate,Y Coordinate,Year,Updated On,Latitude,Longitude,Location
10093944,HY282927,06/01/2015 12:00:00 AM,040XX N PULASKI RD,5000,OTHER OFFENSE,OTHER CRIME AGAINST PERSON,ALLEY,false,false,1722,017,39,16,26,1148969,1926347,2015,06/08/2015 12:48:46 PM,41.953828727,-87.727770359,"(41.953828727, -87.727770359)"
10096025,HY284642,06/01/2015 12:00:00 AM,020XX N FREMONT ST,1150,DECEPTIVE PRACTICE,CREDIT CARD FRAUD,STREET,false,false,1812,018,43,7,11,1169930,1913565,2015,06/08/2015 12:48:46 PM,41.918322073,-87.65108952,"(41.918322073, -87.65108952)"
10095384,HY282884,06/01/2015 12:00:00 AM,002XX E 32ND ST,0486,BATTERY,DOMESTIC BATTERY SIMPLE,APARTMENT,false,true,0211,,3,35,08B,,,2015,06/08/2015 12:48:46 PM,,,
10095018,HY283813,06/01/2015 12:00:00 AM,070XX S CHAPPEL AVE,1750,OFFENSE INVOLVING CHILDREN,CHILD ABUSE,APARTMENT,false,true,0331,003,5,43,20,1191135,1858705,2015,06/08/2015 12:48:46 PM,41.767294578,-87.574962034,"(41.767294578, -87.574962034)"
9679355,HX329341,06/01/2014 12:00:00 AM,066XX S ABERDEEN ST,0820,THEFT,$500 AND UNDER,STREET,false,false,0724,007,17,68,06,1170165,1860793,2014,07/04/2014 12:37:50 PM,41.773505969,-87.651764861,"(41.773505969, -87.651764861)"
9649455,HX300099,06/01/2014 12:00:00 AM,069XX N OLCOTT AVE,0810,THEFT,OVER $500,STREET,false,false,1611,016,41,9,06,1125445,1945812,2014,06/13/2014 12:36:59 PM,42.007666279,-87.813814849,"(42.007666279, -87.813814849)"
9636780,HX285176,06/01/2014 12:00:00 AM,058XX N SHERIDAN RD,0820,THEFT,$500 AND UNDER,RESIDENTIAL YARD (FRONT/BACK),false,false,2022,020,48,77,06,1168531,1939127,2014,06/08/2014 12:38:18 PM,41.988495609,-87.655486689,"(41.988495609, -87.655486689)"
9946862,HY135107,06/01/2014 12:00:00 AM,016XX N KEYSTONE AVE,1751,OFFENSE INVOLVING CHILDREN,CRIM SEX ABUSE BY FAM MEMBER,RESIDENCE,false,false,2534,025,30,23,20,1149092,1910632,2014,02/02/2015 12:49:23 PM,41.910703012,-87.72772626,"(41.910703012, -87.72772626)"
9934688,HY123629,06/01/2014 12:00:00 AM,065XX S MINERVA AVE,1153,DECEPTIVE PRACTICE,FINANCIAL IDENTITY THEFT OVER $ 300,RESIDENCE,false,false,0321,003,20,42,11,1185052,1861728,2014,01/26/2015 12:53:30 PM,41.775734979,-87.597163634,"(41.775734979, -87.597163634)"
9930117,HY118764,06/01/2014 12:00:00 AM,031XX N BROADWAY,0810,THEFT,OVER $500,CONVENIENCE STORE,true,false,1934,019,44,6,06,1171755,1920635,2014,01/22/2015 12:48:16 PM,41.937682429,-87.644175612,"(41.937682429, -87.644175612)"
9926972,HY115707,06/01/2014 12:00:00 AM,008XX W BELLE PLAINE AVE,0281,CRIM SEXUAL ASSAULT,NON-AGGRAVATED,RESIDENCE,false,false,1915,019,46,3,02,1170037,1927745,2014,01/22/2015 12:48:16 PM,41.957230265,-87.650281291,"(41.957230265, -87.650281291)"
9886647,HX537422,06/01/2014 12:00:00 AM,014XX S RIDGEWAY AVE,1563,SEX OFFENSE,CRIMINAL SEXUAL ABUSE,APARTMENT,false,false,1011,010,24,29,17,1151579,1892499,2014,01/01/2015 12:40:33 PM,41.860895608,-87.719066698,"(41.860895608, -87.719066698)"
9898089,HX548342,06/01/2014 12:00:00 AM,057XX S MORGAN ST,0266,CRIM SEXUAL ASSAULT,PREDATORY,RESIDENCE,false,false,0712,007,16,68,02,1170589,1866591,2014,12/20/2014 12:40:24 PM,41.789407131,-87.650041681,"(41.789407131, -87.650041681)"
9813985,HX463057,06/01/2014 12:00:00 AM,025XX S ST LOUIS AVE,1710,OFFENSE INVOLVING CHILDREN,ENDANGERING LIFE/HEALTH CHILD,APARTMENT,false,false,1024,010,22,30,26,1153483,1886831,2014,12/13/2014 12:37:32 PM,41.845304357,-87.712227982,"(41.845304357, -87.712227982)"
10013792,HY203528,06/01/2014 12:00:00 AM,067XX S ELIZABETH ST,5001,OTHER OFFENSE,OTHER CRIME INVOLVING PROPERTY,RESIDENCE,false,false,0724,007,17,67,26,1169200,1859756,2014,04/05/2015 04:06:51 PM,41.770681243,-87.655332301,"(41.770681243, -87.655332301)"
9888480,HX538493,06/01/2014 12:00:00 AM,025XX W MONROE ST,1751,OFFENSE INVOLVING CHILDREN,CRIM SEX ABUSE BY FAM MEMBER,APARTMENT,true,true,1125,011,2,28,20,1159467,1899638,2014,03/22/2015 12:38:37 PM,41.880327201,-87.689915055,"(41.880327201, -87.689915055)"
9873192,HX523702,06/01/2014 12:00:00 AM,029XX S DEARBORN ST,2825,OTHER OFFENSE,HARASSMENT BY TELEPHONE,APARTMENT,false,false,0133,001,3,35,26,1176498,1885024,2014,11/30/2014 12:38:52 PM,41.83985801,-87.627820462,"(41.83985801, -87.627820462)"
9703847,HX353892,06/01/2014 12:00:00 AM,015XX N MASSASOIT AVE,1751,OFFENSE INVOLVING CHILDREN,CRIM SEX ABUSE BY FAM MEMBER,RESIDENCE,false,false,2531,025,29,25,20,1137683,1909714,2014,07/22/2014 12:38:07 PM,41.908397312,-87.769661504,"(41.908397312, -87.769661504)"
9849723,HX498235,06/01/2014 12:00:00 AM,081XX S KOLMAR AVE,1210,DECEPTIVE PRACTICE,THEFT OF LABOR/SERVICES,RESIDENTIAL YARD (FRONT/BACK),false,false,0834,008,13,70,11,1147597,1850190,2014,11/08/2014 12:38:00 PM,41.744870509,-87.734765439,"(41.744870509, -87.734765439)"
9828390,HX478241,06/01/2014 12:00:00 AM,045XX S LAVERGNE AVE,1752,OFFENSE INVOLVING CHILDREN,AGG CRIM SEX ABUSE FAM MEMBER,RESIDENCE,true,true,0814,008,23,56,20,1143743,1874234,2014,12/20/2014 12:39:03 PM,41.81092407,-87.748287917,"(41.81092407, -87.748287917)"
9788271,HX437923,06/01/2014 12:00:00 AM,075XX S DREXEL AVE,1562,SEX OFFENSE,AGG CRIMINAL SEXUAL ABUSE,RESIDENCE,false,true,0624,006,8,69,17,1183575,1855281,2014,09/22/2014 12:39:52 PM,41.758078357,-87.602778844,"(41.758078357, -87.602778844)"
9778823,HX429092,06/01/2014 12:00:00 AM,003XX W 108TH ST,0560,ASSAULT,SIMPLE,RESIDENCE,false,false,0513,005,34,49,08A,1176146,1833272,2014,09/16/2014 12:44:17 PM,41.697852658,-87.63066362,"(41.697852658, -87.63066362)"
9747140,HX396772,06/01/2014 12:00:00 AM,058XX S KOSTNER AVE,1153,DECEPTIVE PRACTICE,FINANCIAL IDENTITY THEFT OVER $ 300,RESIDENCE,false,false,0813,008,13,62,11,1147993,1865516,2014,08/22/2014 12:36:05 PM,41.786920085,-87.732922419,"(41.786920085, -87.732922419)"
9635258,HX286531,06/01/2014 12:00:00 AM,034XX N CLARK ST,0890,THEFT,FROM BUILDING,RESTAURANT,false,false,1924,019,44,6,06,1168782,1923328,2014,06/08/2014 12:38:18 PM,41.945137201,-87.655023543,"(41.945137201, -87.655023543)"
9633605,HX284847,06/01/2014 12:00:00 AM,070XX S CREGIER AVE,0265,CRIM SEXUAL ASSAULT,AGGRAVATED: OTHER,APARTMENT,false,false,0332,003,5,43,02,1189376,1858777,2014,06/08/2014 12:38:18 PM,41.76753453,-87.581407096,"(41.76753453, -87.581407096)"
9633704,HX284965,06/01/2014 12:00:00 AM,034XX N LEAVITT ST,1305,CRIMINAL DAMAGE,CRIMINAL DEFACEMENT,RESIDENCE-GARAGE,false,false,1921,019,32,5,14,1161038,1923124,2014,06/08/2014 12:38:18 PM,41.944742049,-87.683493113,"(41.944742049, -87.683493113)"
9633881,HX285123,06/01/2014 12:00:00 AM,022XX E 100TH ST,0910,MOTOR VEHICLE THEFT,AUTOMOBILE,DRIVEWAY - RESIDENTIAL,false,false,0431,004,7,51,07,1193078,1839068,2014,06/08/2014 12:38:18 PM,41.713361698,-87.56847997,"(41.713361698, -87.56847997)"
9717262,HX367311,06/01/2014 12:00:00 AM,027XX N MENARD AVE,1563,SEX OFFENSE,CRIMINAL SEXUAL ABUSE,RESIDENCE,false,false,2514,025,30,19,17,1137288,1917628,2014,10/31/2014 03:20:56 PM,41.930121349,-87.770921901,"(41.930121349, -87.770921901)"
9634041,HX285422,06/01/2014 12:00:00 AM,021XX W MONTROSE AVE,0810,THEFT,OVER $500,STREET,false,false,1911,019,47,4,06,1161166,1929237,2014,06/08/2014 12:38:18 PM,41.961513785,-87.682852097,"(41.961513785, -87.682852097)"
9727015,HX376592,06/01/2014 12:00:00 AM,035XX S LAKE PARK AVE,0810,THEFT,OVER $500,APARTMENT,false,true,0212,002,4,36,06,1181837,1881854,2014,08/07/2014 12:40:12 PM,41.831037304,-87.608327042,"(41.831037304, -87.608327042)"
9634080,HX285458,06/01/2014 12:00:00 AM,011XX S MENARD AVE,0820,THEFT,$500 AND UNDER,RESIDENTIAL YARD (FRONT/BACK),false,false,1513,015,29,25,06,1137850,1894599,2014,06/08/2014 12:38:18 PM,41.86691679,-87.769412915,"(41.86691679, -87.769412915)"
9634240,HX285590,06/01/2014 12:00:00 AM,047XX S ABERDEEN ST,0430,BATTERY,AGGRAVATED: OTHER DANG WEAPON,SIDEWALK,false,false,0933,009,3,61,04B,1169737,1873604,2014,06/08/2014 12:38:18 PM,41.80867012,-87.652962158,"(41.80867012, -87.652962158)"
9963904,HY153580,06/01/2014 12:00:00 AM,061XX S WASHTENAW AVE,0486,BATTERY,DOMESTIC BATTERY SIMPLE,RESIDENCE,false,true,0825,008,15,66,08B,1159468,1863866,2014,02/22/2015 04:05:20 PM,41.782164658,-87.690893692,"(41.782164658, -87.690893692)"
9697805,HX347613,06/01/2014 12:00:00 AM,082XX S HONORE ST,1110,DECEPTIVE PRACTICE,BOGUS CHECK,OTHER,false,false,0614,006,18,71,11,1165486,1850235,2014,07/17/2014 12:40:06 PM,41.744633825,-87.669215842,"(41.744633825, -87.669215842)"
9679642,HX329532,06/01/2014 12:00:00 AM,035XX W NORTH AVE,0860,THEFT,RETAIL THEFT,GAS STATION,false,false,1422,014,26,23,06,1152203,1910438,2014,07/04/2014 12:37:50 PM,41.910109814,-87.716302631,"(41.910109814, -87.716302631)"
9163722,HW308498,06/01/2013 12:00:00 AM,025XX W MOFFAT ST,0820,THEFT,$500 AND UNDER,PARK PROPERTY,false,false,1434,014,1,22,06,1158847,1912242,2013,06/10/2013 12:07:55 PM,41.914926383,-87.691845589,"(41.914926383, -87.691845589)"
9154746,HW300025,06/01/2013 12:00:00 AM,021XX W SCHILLER ST,0820,THEFT,$500 AND UNDER,STREET,false,false,1424,014,32,24,06,1162041,1909370,2013,06/03/2013 10:19:14 AM,41.906979252,-87.680191575,"(41.906979252, -87.680191575)"
9689080,HX137147,06/01/2013 12:00:00 AM,027XX E 89TH ST,0281,CRIM SEXUAL ASSAULT,NON-AGGRAVATED,"SCHOOL, PUBLIC, BUILDING",true,false,0423,,7,46,02,,,2013,07/31/2014 12:41:23 PM,,,
9154695,HW300199,06/01/2013 12:00:00 AM,025XX W ARGYLE ST,1305,CRIMINAL DAMAGE,CRIMINAL DEFACEMENT,RESIDENCE-GARAGE,false,false,2031,020,47,4,14,1158712,1933038,2013,06/03/2013 09:12:00 AM,41.971994691,-87.691769723,"(41.971994691, -87.691769723)"
9154614,HW300136,06/01/2013 12:00:00 AM,065XX N WESTERN AVE,0810,THEFT,OVER $500,PARKING LOT/GARAGE(NON.RESID.),false,false,2412,024,50,2,06,1159095,1943146,2013,06/04/2013 04:45:35 PM,41.999723587,-87.690082216,"(41.999723587, -87.690082216)"
9154284,HW299625,06/01/2013 12:00:00 AM,089XX S CARPENTER ST,1320,CRIMINAL DAMAGE,TO VEHICLE,STREET,false,false,2222,022,21,73,14,1170926,1845395,2013,06/02/2013 09:03:28 AM,41.731235255,-87.649423897,"(41.731235255, -87.649423897)"
9154052,HW299274,06/01/2013 12:00:00 AM,003XX N LOWER LA SALLE ST,1210,DECEPTIVE PRACTICE,THEFT OF LABOR/SERVICES,BAR OR TAVERN,false,false,1831,018,42,8,11,1175120,1902440,2013,06/02/2013 11:33:00 AM,41.887679648,-87.632355263,"(41.887679648, -87.632355263)"
9486057,HX139151,06/01/2013 12:00:00 AM,035XX S COTTAGE GROVE AVE,0840,THEFT,FINANCIAL ID THEFT: OVER $300,APARTMENT,false,false,0212,002,4,36,06,1181324,1881729,2013,02/07/2014 10:58:51 AM,41.83070616,-87.61021311,"(41.83070616, -87.61021311)"
9484727,HX138437,06/01/2013 12:00:00 AM,015XX N ST LOUIS AVE,1755,OFFENSE INVOLVING CHILDREN,CHILD ABANDONMENT,RESIDENCE,false,true,1422,014,26,23,26,1152701,1910163,2013,02/25/2014 04:17:18 PM,41.909345343,-87.714480455,"(41.909345343, -87.714480455)"
9429099,HW567470,06/01/2013 12:00:00 AM,043XX N SACRAMENTO AVE,0266,CRIM SEXUAL ASSAULT,PREDATORY,RESIDENCE,false,false,1724,017,33,16,02,1155638,1928821,2013,04/08/2014 09:52:26 PM,41.96048561,-87.703187378,"(41.96048561, -87.703187378)"
9401170,HW543751,06/01/2013 12:00:00 AM,034XX S HERMITAGE AVE,0810,THEFT,OVER $500,RESIDENCE,false,false,0912,009,11,59,06,1165288,1881798,2013,11/23/2013 05:38:41 AM,41.831250847,-87.669047786,"(41.831250847, -87.669047786)"
9369530,HW512860,06/01/2013 12:00:00 AM,018XX N WASHTENAW AVE,1754,OFFENSE INVOLVING CHILDREN,AGG SEX ASSLT OF CHILD FAM MBR,RESIDENCE,false,false,1421,010,1,22,02,1158610,1891066,2013,03/10/2014 08:39:23 AM,41.856822365,-87.693296554,"(41.856822365, -87.693296554)"
9320010,HW464030,06/01/2013 12:00:00 AM,047XX S MICHIGAN AVE,0840,THEFT,FINANCIAL ID THEFT: OVER $300,RESIDENCE,false,false,0224,002,3,38,06,1177917,1873590,2013,09/26/2013 09:48:54 AM,41.808450083,-87.622960305,"(41.808450083, -87.622960305)"
9311404,HW455716,06/01/2013 12:00:00 AM,015XX E 74TH PL,0840,THEFT,FINANCIAL ID THEFT: OVER $300,APARTMENT,false,false,0324,003,5,43,06,1187673,1855934,2013,09/19/2013 12:07:31 PM,41.75977377,-87.587739563,"(41.75977377, -87.587739563)"
9231087,HW377161,06/01/2013 12:00:00 AM,040XX W 25TH ST,3960,INTIMIDATION,INTIMIDATION,OTHER,false,false,1013,010,22,30,26,1149793,1887122,2013,08/08/2013 10:37:49 PM,41.846175331,-87.725762425,"(41.846175331, -87.725762425)"
9209288,HW355544,06/01/2013 12:00:00 AM,014XX W ELMDALE AVE,1562,SEX OFFENSE,AGG CRIMINAL SEXUAL ABUSE,HOSPITAL BUILDING/GROUNDS,true,true,2433,024,48,77,17,1165403,1939996,2013,09/16/2013 12:31:53 PM,41.990947528,-87.666966882,"(41.990947528, -87.666966882)"
9196775,HW342107,06/01/2013 12:00:00 AM,027XX W WARREN BLVD,2825,OTHER OFFENSE,HARASSMENT BY TELEPHONE,RESIDENCE,false,false,1222,012,2,27,26,1158267,1900203,2013,07/04/2013 07:20:44 AM,41.881902216,-87.694305889,"(41.881902216, -87.694305889)"
9183233,HW327801,06/01/2013 12:00:00 AM,003XX E 53RD ST,0810,THEFT,OVER $500,APARTMENT,false,false,0231,002,3,40,06,1179684,1869923,2013,06/30/2013 01:43:42 PM,41.798347253,-87.61659157,"(41.798347253, -87.61659157)"
9179219,HW324282,06/01/2013 12:00:00 AM,032XX W BEACH AVE,0841,THEFT,FINANCIAL ID THEFT:$300 &UNDER,RESIDENCE,false,false,1422,014,26,23,06,1154358,1909413,2013,06/20/2013 01:37:05 PM,41.90725431,-87.708413413,"(41.90725431, -87.708413413)"
9178870,HW323961,06/01/2013 12:00:00 AM,039XX W BELMONT AVE,1150,DECEPTIVE PRACTICE,CREDIT CARD FRAUD,RESIDENCE,false,false,2523,025,31,21,11,1149427,1920945,2013,06/25/2013 10:38:44 AM,41.938996316,-87.726227345,"(41.938996316, -87.726227345)"
9174373,HW318417,06/01/2013 12:00:00 AM,062XX S LAFLIN ST,0820,THEFT,$500 AND UNDER,RESIDENCE,false,false,0713,007,16,67,06,1167363,1863335,2013,06/15/2013 05:13:12 AM,41.780542015,-87.661963621,"(41.780542015, -87.661963621)"
9645783,HX296829,06/01/2013 12:00:00 AM,004XX E 81ST ST,1153,DECEPTIVE PRACTICE,FINANCIAL IDENTITY THEFT OVER $ 300,APARTMENT,false,false,0631,,6,44,11,,,2013,06/10/2014 12:45:15 PM,,,
9767716,HX418252,06/01/2013 12:00:00 AM,088XX S PLEASANT AVE,1153,DECEPTIVE PRACTICE,FINANCIAL IDENTITY THEFT OVER $ 300,RESIDENCE,false,false,2221,,19,72,11,,,2013,09/07/2014 12:35:09 PM,,,
9839276,HX488424,06/01/2013 12:00:00 AM,078XX S ADA ST,1154,DECEPTIVE PRACTICE,FINANCIAL IDENTITY THEFT $300 AND UNDER,RESIDENCE,false,false,0612,,17,71,11,,,2013,10/31/2014 12:38:05 PM,,,
9878060,HX528880,06/01/2013 12:00:00 AM,014XX N HUMBOLDT DR,0281,CRIM SEXUAL ASSAULT,NON-AGGRAVATED,PARK PROPERTY,true,false,1423,,26,24,02,,,2013,04/22/2015 12:45:18 PM,,,
9169971,HW314952,06/01/2013 12:00:00 AM,057XX S ARTESIAN AVE,0841,THEFT,FINANCIAL ID THEFT:$300 &UNDER,RESIDENCE,false,false,0824,008,16,63,06,1161061,1866408,2013,06/13/2013 03:35:17 PM,41.789107441,-87.684983014,"(41.789107441, -87.684983014)"
10101678,HY290315,06/01/2013 12:00:00 AM,028XX S KARLOV AVE,1752,OFFENSE INVOLVING CHILDREN,AGG CRIM SEX ABUSE FAM MEMBER,APARTMENT,false,false,1031,,22,30,20,,,2013,06/07/2015 12:43:36 PM,,,
9166518,HW312131,06/01/2013 12:00:00 AM,002XX E 37TH ST,1110,DECEPTIVE PRACTICE,BOGUS CHECK,"SCHOOL, PUBLIC, BUILDING",false,false,0212,002,3,35,11,1178724,1880476,2013,06/17/2013 02:30:00 PM,41.827327492,-87.619790711,"(41.827327492, -87.619790711)"
9165491,HW310931,06/01/2013 12:00:00 AM,004XX E SOUTH WATER ST,0810,THEFT,OVER $500,OTHER,false,false,0114,001,42,32,06,1179208,1902092,2013,06/09/2013 11:58:53 AM,41.886632101,-87.617353694,"(41.886632101, -87.617353694)"
9162708,HW307533,06/01/2013 12:00:00 AM,060XX S ST LOUIS AVE,1320,CRIMINAL DAMAGE,TO VEHICLE,STREET,false,false,0823,008,16,66,14,1154055,1864576,2013,06/07/2013 11:38:42 AM,41.78422227,-87.710720548,"(41.78422227, -87.710720548)"
9162356,HW307117,06/01/2013 12:00:00 AM,022XX W IOWA ST,0810,THEFT,OVER $500,RESIDENCE PORCH/HALLWAY,false,false,1212,012,32,24,06,1161454,1905922,2013,06/07/2013 10:45:14 AM,41.897529916,-87.682443973,"(41.897529916, -87.682443973)"
9593978,HX244264,06/01/2013 12:00:00 AM,055XX N KENMORE AVE,1153,DECEPTIVE PRACTICE,FINANCIAL IDENTITY THEFT OVER $ 300,APARTMENT,false,false,2023,,48,77,11,,,2013,05/01/2014 02:01:30 PM,,,
9159107,HW304287,06/01/2013 12:00:00 AM,071XX S ABERDEEN ST,1320,CRIMINAL DAMAGE,TO VEHICLE,STREET,false,false,0733,007,17,68,14,1170254,1857589,2013,06/05/2013 07:19:39 AM,41.764711859,-87.651531712,"(41.764711859, -87.651531712)"
9576824,HX227231,06/01/2013 12:00:00 AM,019XX N ALBANY AVE,1754,OFFENSE INVOLVING CHILDREN,AGG SEX ASSLT OF CHILD FAM MBR,RESIDENCE,false,false,1421,,35,22,02,,,2013,04/17/2014 05:45:55 PM,,,
8737032,HV412454,06/01/2012 12:00:00 AM,004XX E 49TH ST,1753,OFFENSE INVOLVING CHILDREN,SEX ASSLT OF CHILD BY FAM MBR,RESIDENCE,false,false,0223,002,3,38,02,1180210,1872673,2012,08/02/2012 08:53:26 PM,41.80588144,-87.614578314,"(41.80588144, -87.614578314)"
9641162,HX291943,06/01/2012 12:00:00 AM,076XX S ESSEX AVE,1750,OFFENSE INVOLVING CHILDREN,CHILD ABUSE,RESIDENCE,false,false,0421,,7,43,20,,,2012,06/07/2014 12:40:43 PM,,,
9643775,HX287647,06/01/2012 12:00:00 AM,002XX W RANDOLPH ST,1130,DECEPTIVE PRACTICE,FRAUD OR CONFIDENCE GAME,COMMERCIAL / BUSINESS OFFICE,false,false,0122,,42,32,11,,,2012,06/09/2014 12:39:27 PM,,,
8639909,HV314212,06/01/2012 12:00:00 AM,012XX N ARTESIAN AVE,1750,OFFENSE INVOLVING CHILDREN,CHILD ABUSE,RESIDENCE,true,true,1423,014,26,24,20,1159812,1908082,2012,06/20/2012 11:18:53 PM,41.903491159,-87.688415206,"(41.903491159, -87.688415206)"
8639548,HV313810,06/01/2012 12:00:00 AM,064XX S COTTAGE GROVE AVE,031A,ROBBERY,ARMED: HANDGUN,SIDEWALK,false,false,0312,003,20,42,03,1182624,1862716,2012,06/19/2012 05:44:20 PM,41.778502834,-87.606033712,"(41.778502834, -87.606033712)"
8732726,HV408760,06/01/2012 12:00:00 AM,030XX N LOWELL AVE,1751,OFFENSE INVOLVING CHILDREN,CRIM SEX ABUSE BY FAM MEMBER,APARTMENT,false,false,2523,025,31,20,20,1146839,1919723,2012,08/02/2012 03:00:32 PM,41.935692939,-87.735770308,"(41.935692939, -87.735770308)"
8721075,HV397788,06/01/2012 12:00:00 AM,002XX W EVERGREEN AVE,0810,THEFT,OVER $500,STREET,false,false,1821,018,43,8,06,1174433,1909403,2012,07/08/2013 10:52:34 AM,41.906801862,-87.634669888,"(41.906801862, -87.634669888)"
8714611,HV391016,06/01/2012 12:00:00 AM,068XX S MAY ST,0620,BURGLARY,UNLAWFUL ENTRY,APARTMENT,false,false,0724,007,17,68,05,1169870,1859468,2012,08/24/2012 11:51:23 PM,41.769876415,-87.652884693,"(41.769876415, -87.652884693)"
8638929,HV313320,06/01/2012 12:00:00 AM,008XX S LOOMIS ST,1320,CRIMINAL DAMAGE,TO VEHICLE,DRIVEWAY - RESIDENTIAL,false,false,1213,012,25,28,14,1167139,1896315,2012,06/01/2012 12:00:36 PM,41.871047338,-87.66183982,"(41.871047338, -87.66183982)"
9841823,HX491129,06/01/2012 12:00:00 AM,071XX S SACRAMENTO AVE,1154,DECEPTIVE PRACTICE,FINANCIAL IDENTITY THEFT $300 AND UNDER,APARTMENT,false,false,0831,,18,66,11,,,2012,11/02/2014 12:37:16 PM,,,
8714384,HV390782,06/01/2012 12:00:00 AM,040XX W CONGRESS PKWY,0820,THEFT,$500 AND UNDER,VACANT LOT/LAND,false,false,1132,011,24,26,06,1149296,1897420,2012,07/20/2012 09:10:50 AM,41.874443929,-87.727319639,"(41.874443929, -87.727319639)"
9633491,HX284677,06/01/2012 12:00:00 AM,047XX S MICHIGAN AVE,1562,SEX OFFENSE,AGG CRIMINAL SEXUAL ABUSE,RESIDENCE,false,false,0224,,3,38,17,,,2012,06/18/2014 12:43:24 PM,,,
8638506,HV312984,06/01/2012 12:00:00 AM,007XX N HAMLIN AVE,1310,CRIMINAL DAMAGE,TO PROPERTY,APARTMENT,false,false,1112,011,27,23,14,1150884,1904652,2012,06/01/2012 07:58:37 AM,41.894258396,-87.721299789,"(41.894258396, -87.721299789)"
8698180,HV374621,06/01/2012 12:00:00 AM,003XX E 90TH PL,2825,OTHER OFFENSE,HARASSMENT BY TELEPHONE,RESIDENCE,false,true,0633,006,6,44,26,1179638,1845074,2012,07/26/2012 05:40:57 PM,41.730160002,-87.617518588,"(41.730160002, -87.617518588)"
8690261,HV365677,06/01/2012 12:00:00 AM,003XX S KEDZIE AVE,0810,THEFT,OVER $500,CTA GARAGE / OTHER PROPERTY,true,false,1134,011,28,27,06,1155068,1897856,2012,10/15/2012 11:42:32 AM,41.875526574,-87.706115594,"(41.875526574, -87.706115594)"
8681927,HV356880,06/01/2012 12:00:00 AM,047XX N KIMBALL AVE,0810,THEFT,OVER $500,CTA GARAGE / OTHER PROPERTY,false,false,1713,017,33,14,06,1152892,1931612,2012,07/18/2012 04:00:02 PM,41.968199263,-87.713208815,"(41.968199263, -87.713208815)"
8671631,HV346596,06/01/2012 12:00:00 AM,057XX W MADISON ST,1320,CRIMINAL DAMAGE,TO VEHICLE,POLICE FACILITY/VEH PARKING LOT,false,false,1513,015,29,25,14,1138149,1899399,2012,06/22/2012 09:52:22 AM,41.880083244,-87.76819921,"(41.880083244, -87.76819921)"
9066505,HW211138,06/01/2012 12:00:00 AM,029XX N FAIRFIELD AVE,1130,DECEPTIVE PRACTICE,FRAUD OR CONFIDENCE GAME,RESIDENCE,false,false,1411,014,1,21,11,1157566,1919717,2012,03/31/2013 11:39:50 AM,41.935464534,-87.696347831,"(41.935464534, -87.696347831)"
8970748,HW118486,06/01/2012 12:00:00 AM,033XX W 60TH PL,0266,CRIM SEXUAL ASSAULT,PREDATORY,RESIDENCE,true,false,0823,008,16,66,02,1155013,1864344,2012,06/11/2013 09:56:46 PM,41.783566538,-87.707214308,"(41.783566538, -87.707214308)"
8893038,HV567388,06/01/2012 12:00:00 AM,067XX N WASHTENAW AVE,0890,THEFT,FROM BUILDING,"SCHOOL, PUBLIC, BUILDING",false,false,2412,024,50,2,06,1157069,1944483,2012,11/27/2012 11:55:51 AM,42.003433889,-87.697498856,"(42.003433889, -87.697498856)"
8876778,HV550397,06/01/2012 12:00:00 AM,019XX N LINCOLN PARK WEST,0840,THEFT,FINANCIAL ID THEFT: OVER $300,RESIDENCE,false,false,1814,018,43,7,06,1173914,1913012,2012,11/08/2012 09:49:14 AM,41.916716713,-87.636468657,"(41.916716713, -87.636468657)"
8846388,HV519573,06/01/2012 12:00:00 AM,018XX E 95TH ST,0810,THEFT,OVER $500,APARTMENT,false,true,0431,004,7,51,06,1189901,1842297,2012,11/05/2012 03:29:36 PM,41.72229927,-87.580011599,"(41.72229927, -87.580011599)"
8815826,HV489190,06/01/2012 12:00:00 AM,015XX N LA SALLE DR,0890,THEFT,FROM BUILDING,APARTMENT,false,false,1821,018,43,8,06,1174812,1910422,2012,09/27/2012 03:42:39 PM,41.909589567,-87.633247128,"(41.909589567, -87.633247128)"
8792375,HV466081,06/01/2012 12:00:00 AM,072XX S INDIANA AVE,1753,OFFENSE INVOLVING CHILDREN,SEX ASSLT OF CHILD BY FAM MBR,RESIDENCE,false,false,0323,003,6,69,02,1178809,1857268,2012,05/15/2014 12:36:49 PM,41.76364064,-87.620185222,"(41.76364064, -87.620185222)"
8670380,HV345403,06/01/2012 12:00:00 AM,007XX N SPAULDING AVE,1152,DECEPTIVE PRACTICE,ILLEGAL USE CASH CARD,RESIDENCE,false,false,1121,011,27,23,11,1154207,1904588,2012,07/11/2012 03:15:37 PM,41.89401708,-87.709097075,"(41.89401708, -87.709097075)"
8669106,HV343997,06/01/2012 12:00:00 AM,047XX S LANGLEY AVE,1310,CRIMINAL DAMAGE,TO PROPERTY,APARTMENT,false,false,0223,002,4,38,14,1181775,1873518,2012,06/20/2012 02:35:00 PM,41.808164131,-87.608812419,"(41.808164131, -87.608812419)"
9449854,HX102850,06/01/2012 12:00:00 AM,027XX N WOLCOTT AVE,0840,THEFT,FINANCIAL ID THEFT: OVER $300,RESIDENCE,false,false,1931,019,32,7,06,1163312,1918178,2012,01/08/2014 09:57:39 AM,41.931122332,-87.675274385,"(41.931122332, -87.675274385)"
8664154,HV339430,06/01/2012 12:00:00 AM,040XX W VAN BUREN ST,0620,BURGLARY,UNLAWFUL ENTRY,VACANT LOT/LAND,false,false,1132,011,24,26,05,1149324,1897753,2012,06/27/2012 09:46:47 AM,41.875357177,-87.727208201,"(41.875357177, -87.727208201)"
9426924,HW570677,06/01/2012 12:00:00 AM,010XX W ROOSEVELT RD,1150,DECEPTIVE PRACTICE,CREDIT CARD FRAUD,RESIDENCE,false,false,1232,012,25,28,11,1169434,1894916,2012,01/09/2014 02:20:15 PM,41.867158799,-87.653454768,"(41.867158799, -87.653454768)"
8662664,HV337763,06/01/2012 12:00:00 AM,030XX E CHELTENHAM PL,1750,OFFENSE INVOLVING CHILDREN,CHILD ABUSE,RESIDENCE,false,true,0421,004,7,46,20,1198010,1853617,2012,09/15/2012 02:58:26 PM,41.753163665,-87.549932652,"(41.753163665, -87.549932652)"
9396674,HW539981,06/01/2012 12:00:00 AM,047XX W ARMITAGE AVE,1754,OFFENSE INVOLVING CHILDREN,AGG SEX ASSLT OF CHILD FAM MBR,RESIDENCE,true,true,2522,025,31,19,02,1144337,1912913,2012,01/03/2014 05:15:33 PM,41.917053115,-87.745137113,"(41.917053115, -87.745137113)"
8660676,HV335671,06/01/2012 12:00:00 AM,065XX S KARLOV AVE,1150,DECEPTIVE PRACTICE,CREDIT CARD FRAUD,RESIDENCE,false,false,0833,008,13,65,11,1150126,1860794,2012,06/17/2012 12:33:55 PM,41.773921027,-87.72522402,"(41.773921027, -87.72522402)"
9361581,HW504703,06/01/2012 12:00:00 AM,050XX S PRINCETON AVE,1753,OFFENSE INVOLVING CHILDREN,SEX ASSLT OF CHILD BY FAM MBR,APARTMENT,true,true,0935,009,3,37,02,1175183,1871380,2012,12/13/2013 04:36:16 PM,41.802447205,-87.633053968,"(41.802447205, -87.633053968)"
10076256,HY265207,06/01/2012 12:00:00 AM,031XX W DOUGLAS BLVD,1153,DECEPTIVE PRACTICE,FINANCIAL IDENTITY THEFT OVER $ 300,APARTMENT,false,false,1022,,24,29,11,,,2012,05/21/2015 01:30:34 PM,,,
8638554,HV312978,06/01/2012 12:00:00 AM,066XX S WOLCOTT AVE,0486,BATTERY,DOMESTIC BATTERY SIMPLE,RESIDENCE,false,true,0726,007,15,67,08B,1164868,1860645,2012,06/04/2012 03:02:37 PM,41.773213392,-87.671186688,"(41.773213392, -87.671186688)"
8638625,HV313136,06/01/2012 12:00:00 AM,080XX S ST LOUIS AVE,0910,MOTOR VEHICLE THEFT,AUTOMOBILE,STREET,false,false,0834,008,18,70,07,1154498,1850769,2012,06/02/2012 08:56:50 AM,41.746324869,-87.709463484,"(41.746324869, -87.709463484)"
9223998,HW370382,06/01/2012 12:00:00 AM,012XX S LAKE SHORE DR E,1261,DECEPTIVE PRACTICE,UNAUTHORIZED VIDEOTAPING,PARK PROPERTY,true,false,0132,001,2,33,11,1178827,1895068,2012,08/11/2013 03:25:52 PM,41.867366584,-87.618967491,"(41.867366584, -87.618967491)"
8659301,HV317670,06/01/2012 12:00:00 AM,077XX S SOUTH SHORE DR,1150,DECEPTIVE PRACTICE,CREDIT CARD FRAUD,RESIDENCE,false,false,0421,004,7,43,11,1197280,1854779,2012,06/19/2012 11:33:25 AM,41.756370484,-87.552569116,"(41.756370484, -87.552569116)"
9158602,HW303682,06/01/2012 12:00:00 AM,058XX S WHIPPLE ST,1544,SEX OFFENSE,SEXUAL EXPLOITATION OF A CHILD,RESIDENTIAL YARD (FRONT/BACK),false,false,0824,008,14,63,17,1157011,1865606,2012,06/05/2013 08:59:40 AM,41.786989489,-87.699854788,"(41.786989489, -87.699854788)"
8646082,HV321148,06/01/2012 12:00:00 AM,116XX S STATE ST,0890,THEFT,FROM BUILDING,CHURCH/SYNAGOGUE/PLACE OF WORSHIP,false,false,0532,005,9,53,06,1178387,1827421,2012,06/07/2012 07:04:15 AM,41.681746199,-87.622635054,"(41.681746199, -87.622635054)"
9181035,HW325963,06/01/2012 12:00:00 AM,089XX S BRANDON AVE,0841,THEFT,FINANCIAL ID THEFT:$300 &UNDER,RESIDENCE,false,false,0424,004,10,46,06,1198835,1846400,2012,06/24/2013 02:26:05 PM,41.73333904,-87.547151041,"(41.73333904, -87.547151041)"
9158582,HW303681,06/01/2012 12:00:00 AM,058XX S WHIPPLE ST,1544,SEX OFFENSE,SEXUAL EXPLOITATION OF A CHILD,RESIDENTIAL YARD (FRONT/BACK),false,false,0824,008,14,63,17,1157011,1865606,2012,06/05/2013 08:59:44 AM,41.786989489,-87.699854788,"(41.786989489, -87.699854788)"
8639338,HV313789,06/01/2012 12:00:00 AM,016XX N MILWAUKEE AVE,1305,CRIMINAL DAMAGE,CRIMINAL DEFACEMENT,SMALL RETAIL STORE,false,false,1434,014,32,24,14,1162293,1910972,2012,06/04/2012 11:49:03 AM,41.911369987,-87.679220996,"(41.911369987, -87.679220996)"
8640582,HV315447,06/01/2012 12:00:00 AM,016XX N LINDER AVE,0890,THEFT,FROM BUILDING,APARTMENT,false,false,2532,025,37,25,06,1139434,1910705,2012,06/04/2012 11:37:26 AM,41.911084975,-87.763204906,"(41.911084975, -87.763204906)"
8446581,HV124086,06/01/2011 12:00:00 AM,023XX W ST PAUL AVE,0840,THEFT,FINANCIAL ID THEFT: OVER $300,RESIDENCE,false,false,1434,014,1,24,06,1160491,1911776,2011,01/25/2012 08:35:50 AM,41.913613743,-87.685818657,"(41.913613743, -87.685818657)"
8090303,HT324220,06/01/2011 12:00:00 AM,004XX S PULASKI RD,1811,NARCOTICS,POSS: CANNABIS 30GMS OR LESS,SIDEWALK,true,false,1132,011,24,26,18,1149841,1897538,2011,06/01/2011 12:58:44 AM,41.874757158,-87.725315555,"(41.874757158, -87.725315555)"
8090386,HT324244,06/01/2011 12:00:00 AM,104XX S AVENUE L,1811,NARCOTICS,POSS: CANNABIS 30GMS OR LESS,STREET,true,false,0432,004,10,52,18,1201878,1836138,2011,06/01/2011 03:13:22 AM,41.705102508,-87.536351352,"(41.705102508, -87.536351352)"
8090847,HT324527,06/01/2011 12:00:00 AM,050XX W EDDY ST,1305,CRIMINAL DAMAGE,CRIMINAL DEFACEMENT,RESIDENCE,false,false,1634,016,38,15,14,1142001,1923109,2011,06/02/2011 09:07:17 AM,41.945075608,-87.753466331,"(41.945075608, -87.753466331)"
8090857,HT324618,06/01/2011 12:00:00 AM,050XX W MADISON ST,0820,THEFT,$500 AND UNDER,PARKING LOT/GARAGE(NON.RESID.),false,false,1533,015,28,25,06,1142879,1899595,2011,06/02/2011 10:22:11 AM,41.88053431,-87.750826097,"(41.88053431, -87.750826097)"
8090868,HT324521,06/01/2011 12:00:00 AM,043XX S INDIANA AVE,1320,CRIMINAL DAMAGE,TO VEHICLE,STREET,false,false,0221,002,3,38,14,1178357,1876485,2011,06/01/2011 11:40:57 AM,41.81638422,-87.621258517,"(41.81638422, -87.621258517)"
8091345,HT324482,06/01/2011 12:00:00 AM,061XX N HERMITAGE AVE,0620,BURGLARY,UNLAWFUL ENTRY,RESIDENCE,false,false,2433,024,40,77,05,1163691,1940952,2011,06/11/2011 05:08:51 PM,41.993607201,-87.673236917,"(41.993607201, -87.673236917)"
8091347,HT325231,06/01/2011 12:00:00 AM,047XX W IRVING PARK RD,0840,THEFT,FINANCIAL ID THEFT: OVER $300,BANK,false,false,1731,017,38,15,06,1143903,1926128,2011,06/05/2011 02:59:36 PM,41.95332449,-87.74639925,"(41.95332449, -87.74639925)"
8091360,HT324846,06/01/2011 12:00:00 AM,010XX W ROOSEVELT RD,0820,THEFT,$500 AND UNDER,STREET,false,false,1232,012,25,28,06,1169569,1894840,2011,06/02/2011 12:07:30 PM,41.866947314,-87.652961378,"(41.866947314, -87.652961378)"
8091935,HT326084,06/01/2011 12:00:00 AM,077XX S DANTE AVE,0840,THEFT,FINANCIAL ID THEFT: OVER $300,COMMERCIAL / BUSINESS OFFICE,true,false,0411,004,8,45,06,1186605,1853610,2011,08/07/2011 09:50:53 AM,41.753421828,-87.591727143,"(41.753421828, -87.591727143)"
8092431,HT324497,06/01/2011 12:00:00 AM,049XX W CONCORD PL,0620,BURGLARY,UNLAWFUL ENTRY,RESIDENCE-GARAGE,false,false,2533,025,37,25,05,1142937,1910550,2011,06/05/2011 09:54:11 AM,41.910595022,-87.750339788,"(41.910595022, -87.750339788)"
8092581,HT326499,06/01/2011 12:00:00 AM,083XX S HOYNE AVE,1310,CRIMINAL DAMAGE,TO PROPERTY,RESIDENCE-GARAGE,false,false,0614,006,18,71,14,1163850,1849364,2011,06/03/2011 06:34:41 AM,41.742278162,-87.675234791,"(41.742278162, -87.675234791)"
8092779,HT326571,06/01/2011 12:00:00 AM,017XX N LECLAIRE AVE,2825,OTHER OFFENSE,HARASSMENT BY TELEPHONE,RESIDENCE,false,true,2533,025,37,25,26,1142320,1911072,2011,06/05/2011 09:57:46 AM,41.912038933,-87.752593462,"(41.912038933, -87.752593462)"
8094244,HT328142,06/01/2011 12:00:00 AM,008XX N STATE ST,0870,THEFT,POCKET-PICKING,CTA TRAIN,false,false,1832,018,42,8,06,1176183,1905757,2011,06/08/2011 02:29:58 PM,41.896757773,-87.628351553,"(41.896757773, -87.628351553)"
8096784,HT324217,06/01/2011 12:00:00 AM,046XX S WALLACE ST,0820,THEFT,$500 AND UNDER,APARTMENT,false,false,0935,009,11,61,06,1173113,1874203,2011,06/05/2011 11:27:44 AM,41.810239827,-87.640562057,"(41.810239827, -87.640562057)"
8102546,HT336721,06/01/2011 12:00:00 AM,015XX E 76TH PL,501A,OTHER OFFENSE,ANIMAL ABUSE/NEGLECT,RESIDENCE,false,false,0411,004,5,43,26,1187720,1854521,2011,06/09/2011 06:26:05 AM,41.755895251,-87.587612201,"(41.755895251, -87.587612201)"
8108396,HT343423,06/01/2011 12:00:00 AM,052XX W LAKE ST,0820,THEFT,$500 AND UNDER,CONVENIENCE STORE,false,false,1523,015,28,25,06,1141603,1901978,2011,06/13/2011 09:12:55 AM,41.887097229,-87.755452588,"(41.887097229, -87.755452588)"
8115910,HT350657,06/01/2011 12:00:00 AM,042XX W JACKSON BLVD,2825,OTHER OFFENSE,HARASSMENT BY TELEPHONE,APARTMENT,false,false,1132,011,28,26,26,1147947,1898303,2011,07/17/2011 09:57:13 AM,41.876893014,-87.732249911,"(41.876893014, -87.732249911)"
8134498,HT368643,06/01/2011 12:00:00 AM,045XX N BROADWAY,2825,OTHER OFFENSE,HARASSMENT BY TELEPHONE,APARTMENT,false,false,2311,019,46,3,26,1168086,1930554,2011,08/09/2011 12:50:39 PM,41.964980709,-87.657372258,"(41.964980709, -87.657372258)"
8139732,HT373110,06/01/2011 12:00:00 AM,044XX N WOLCOTT AVE,1152,DECEPTIVE PRACTICE,ILLEGAL USE CASH CARD,RESIDENCE,false,false,1922,019,47,4,11,1163061,1929513,2011,09/14/2011 07:27:59 PM,41.962231455,-87.675877253,"(41.962231455, -87.675877253)"
8152613,HT386700,06/01/2011 12:00:00 AM,019XX W MONTROSE AVE,1150,DECEPTIVE PRACTICE,CREDIT CARD FRAUD,RESIDENCE,false,false,1922,019,47,5,11,1162767,1929197,2011,07/19/2011 09:06:42 PM,41.961370522,-87.67696707,"(41.961370522, -87.67696707)"
8169061,HT404106,06/01/2011 12:00:00 AM,029XX N SHEFFIELD AVE,0890,THEFT,FROM BUILDING,BAR OR TAVERN,false,false,1932,019,44,6,06,1169149,1919552,2011,07/31/2011 07:55:06 PM,41.934767715,-87.653784625,"(41.934767715, -87.653784625)"
8174278,HT408600,06/01/2011 12:00:00 AM,005XX W JACKSON BLVD,1150,DECEPTIVE PRACTICE,CREDIT CARD FRAUD,OTHER RAILROAD PROP / TRAIN DEPOT,false,false,0111,001,2,28,11,1173144,1898952,2011,08/04/2011 09:29:27 PM,41.878152421,-87.639715217,"(41.878152421, -87.639715217)"
8237470,HT461728,06/01/2011 12:00:00 AM,019XX N KIMBALL AVE,0890,THEFT,FROM BUILDING,OTHER,false,false,1422,014,35,22,06,1153345,1912868,2011,08/31/2011 11:39:10 AM,41.916755328,-87.712042689,"(41.916755328, -87.712042689)"
8287284,HT521262,06/01/2011 12:00:00 AM,002XX W 113TH ST,0841,THEFT,FINANCIAL ID THEFT:$300 &UNDER,OTHER,false,false,0522,005,34,49,06,1176460,1830043,2011,11/09/2011 11:00:42 AM,41.688984769,-87.629610514,"(41.688984769, -87.629610514)"
8297955,HT528343,06/01/2011 12:00:00 AM,066XX W 64TH ST,0842,THEFT,AGG: FINANCIAL ID THEFT,RESIDENCE,false,false,0812,008,23,64,06,1133142,1861389,2011,11/08/2011 09:58:50 AM,41.775866505,-87.787471449,"(41.775866505, -87.787471449)"
8324126,HT558573,06/01/2011 12:00:00 AM,020XX N KIMBALL AVE,1562,SEX OFFENSE,AGG CRIMINAL SEXUAL ABUSE,RESIDENCE,true,false,1413,014,35,22,17,1153415,1913505,2011,12/09/2013 09:17:48 AM,41.918501919,-87.711768547,"(41.918501919, -87.711768547)"
8408428,HT641465,06/01/2011 12:00:00 AM,024XX E 74TH ST,2826,OTHER OFFENSE,HARASSMENT BY ELECTRONIC MEANS,RESIDENCE,false,true,0334,003,7,43,26,1194252,1856420,2011,01/11/2012 01:56:01 PM,41.760948387,-87.563612087,"(41.760948387, -87.563612087)"
8423534,HV101700,06/01/2011 12:00:00 AM,020XX N NORDICA AVE,0840,THEFT,FINANCIAL ID THEFT: OVER $300,RESIDENCE,false,false,2512,025,36,25,06,1128719,1912875,2011,01/07/2012 11:13:53 AM,41.917228437,-87.802519572,"(41.917228437, -87.802519572)"
9630649,HX281231,06/01/2011 12:00:00 AM,026XX W WASHINGTON BLVD,1153,DECEPTIVE PRACTICE,FINANCIAL IDENTITY THEFT OVER $ 300,APARTMENT,false,true,1222,,2,28,11,,,2011,05/30/2014 12:40:32 PM,,,
8474221,HV150137,06/01/2011 12:00:00 AM,036XX W EDDY ST,0281,CRIM SEXUAL ASSAULT,NON-AGGRAVATED,OTHER,false,false,1732,017,35,21,02,1151479,1923319,2011,02/14/2012 10:10:17 AM,41.945470631,-87.718623092,"(41.945470631, -87.718623092)"
8611181,HV285364,06/01/2011 12:00:00 AM,023XX S SEELEY AVE,0840,THEFT,FINANCIAL ID THEFT: OVER $300,RESIDENCE,false,false,1034,010,25,31,06,1163042,1888573,2011,05/30/2012 01:51:45 PM,41.849889519,-87.677098617,"(41.849889519, -87.677098617)"
8703716,HV380096,06/01/2011 12:00:00 AM,066XX S KENNETH AVE,0266,CRIM SEXUAL ASSAULT,PREDATORY,RESIDENCE,true,true,0833,008,13,65,02,1147809,1860330,2011,11/05/2012 06:55:37 AM,41.772692378,-87.73372966,"(41.772692378, -87.73372966)"
8705507,HT654579,06/01/2011 12:00:00 AM,018XX N KIMBALL AVE,0265,CRIM SEXUAL ASSAULT,AGGRAVATED: OTHER,APARTMENT,false,true,1422,014,26,22,02,1153444,1912221,2011,07/28/2012 08:47:50 AM,41.914977935,-87.711696193,"(41.914977935, -87.711696193)"
8866786,HV540545,06/01/2011 12:00:00 AM,005XX W 26TH ST,1754,OFFENSE INVOLVING CHILDREN,AGG SEX ASSLT OF CHILD FAM MBR,RESIDENCE,false,true,0914,009,11,60,02,1172975,1887056,2011,02/20/2013 03:37:06 PM,41.845512668,-87.640688133,"(41.845512668, -87.640688133)"
8890980,HV564476,06/01/2011 12:00:00 AM,067XX S LAFAYETTE AVE,1754,OFFENSE INVOLVING CHILDREN,AGG SEX ASSLT OF CHILD FAM MBR,RESIDENCE,false,false,0722,007,6,69,02,1176960,1860065,2011,01/16/2013 12:55:27 PM,41.771357784,-87.626877956,"(41.771357784, -87.626877956)"
9003372,HW150334,06/01/2011 12:00:00 AM,043XX S HALSTED ST,0840,THEFT,FINANCIAL ID THEFT: OVER $300,RESIDENCE,false,false,0925,009,11,61,06,1171732,1876214,2011,02/13/2013 01:39:00 PM,41.815788649,-87.645568338,"(41.815788649, -87.645568338)"
9364891,HW507818,06/01/2011 12:00:00 AM,077XX S DAMEN AVE,0840,THEFT,FINANCIAL ID THEFT: OVER $300,RESIDENCE,false,false,0611,006,18,71,06,1164410,1853346,2011,10/28/2013 10:29:04 AM,41.753193584,-87.673070988,"(41.753193584, -87.673070988)"
9122217,HW266860,06/01/2010 12:00:00 AM,024XX S ALBANY AVE,0840,THEFT,FINANCIAL ID THEFT: OVER $300,RESIDENCE,false,false,1033,010,12,30,06,1156046,1887482,2010,05/10/2013 07:29:03 AM,41.847039527,-87.70280447,"(41.847039527, -87.70280447)"
9005480,HW148220,06/01/2010 12:00:00 AM,063XX W 56TH ST,1562,SEX OFFENSE,AGG CRIMINAL SEXUAL ABUSE,"SCHOOL, PUBLIC, BUILDING",false,false,0811,008,23,56,17,1135058,1866708,2010,10/18/2013 04:48:24 PM,41.790429233,-87.780321992,"(41.790429233, -87.780321992)"
8773410,HV448108,06/01/2010 12:00:00 AM,077XX S ESSEX AVE,1751,OFFENSE INVOLVING CHILDREN,CRIM SEX ABUSE BY FAM MEMBER,RESIDENCE,false,true,0421,004,7,43,20,1194167,1854012,2010,10/15/2012 03:51:29 PM,41.754342737,-87.564002534,"(41.754342737, -87.564002534)"
8692504,HV368168,06/01/2010 12:00:00 AM,060XX S GREEN ST,1754,OFFENSE INVOLVING CHILDREN,AGG SEX ASSLT OF CHILD FAM MBR,RESIDENCE,false,false,0712,007,16,68,02,1171720,1864536,2010,10/29/2012 05:36:01 PM,41.783743239,-87.645954913,"(41.783743239, -87.645954913)"
8588790,HV263481,06/01/2010 12:00:00 AM,049XX N DRAKE AVE,1562,SEX OFFENSE,AGG CRIMINAL SEXUAL ABUSE,APARTMENT,true,true,1712,017,39,14,17,1151866,1932588,2010,01/25/2013 10:02:36 PM,41.970897785,-87.716955557,"(41.970897785, -87.716955557)"
8574605,HV222562,06/01/2010 12:00:00 AM,0000X N STATE ST,1261,DECEPTIVE PRACTICE,UNAUTHORIZED VIDEOTAPING,RESIDENCE,true,false,0112,001,42,32,11,1176323,1900560,2010,04/27/2012 08:56:51 PM,41.882493773,-87.627994263,"(41.882493773, -87.627994263)"
8574600,HV222698,06/01/2010 12:00:00 AM,015XX S BLUE ISLAND AVE,1261,DECEPTIVE PRACTICE,UNAUTHORIZED VIDEOTAPING,RESIDENCE,true,false,1222,012,2,28,11,1167878,1892411,2010,04/26/2012 11:12:22 AM,41.860318545,-87.659239241,"(41.860318545, -87.659239241)"
8462818,HV139788,06/01/2010 12:00:00 AM,056XX N CAMPBELL AVE,1754,OFFENSE INVOLVING CHILDREN,AGG SEX ASSLT OF CHILD FAM MBR,APARTMENT,true,true,2011,020,40,2,02,1158676,1937654,2010,04/05/2012 10:40:30 AM,41.984661949,-87.691774974,"(41.984661949, -87.691774974)"
8454480,HV131690,06/01/2010 12:00:00 AM,025XX S HOMAN AVE,1752,OFFENSE INVOLVING CHILDREN,AGG CRIM SEX ABUSE FAM MEMBER,APARTMENT,true,true,1024,010,22,30,20,1154141,1887132,2010,04/05/2012 04:57:51 PM,41.846117253,-87.709805161,"(41.846117253, -87.709805161)"
8358286,HT590520,06/01/2010 12:00:00 AM,018XX W BARRY AVE,0841,THEFT,FINANCIAL ID THEFT:$300 &UNDER,RESIDENCE,false,false,1931,019,32,5,06,1163212,1920645,2010,12/07/2011 09:23:47 PM,41.93789403,-87.675572311,"(41.93789403, -87.675572311)"
8355514,HT589276,06/01/2010 12:00:00 AM,050XX S FAIRFIELD AVE,0281,CRIM SEXUAL ASSAULT,NON-AGGRAVATED,APARTMENT,true,true,0923,009,14,63,02,1158930,1871154,2010,08/16/2012 09:25:20 PM,41.802174935,-87.692667037,"(41.802174935, -87.692667037)"
8322023,HT556738,06/01/2010 12:00:00 AM,127XX S EMERALD AVE,0840,THEFT,FINANCIAL ID THEFT: OVER $300,RESIDENCE,false,false,0523,005,34,53,06,1173694,1820070,2010,12/05/2011 01:28:09 PM,41.661678796,-87.640030494,"(41.661678796, -87.640030494)"
8266194,HT499237,06/01/2010 12:00:00 AM,015XX W 18TH ST,2825,OTHER OFFENSE,HARASSMENT BY TELEPHONE,OTHER,false,false,1222,012,25,31,26,1166587,1891535,2010,09/17/2011 07:43:50 AM,41.85794244,-87.664003227,"(41.85794244, -87.664003227)"
8079638,HT312491,06/01/2010 12:00:00 AM,019XX S WASHTENAW AVE,1752,OFFENSE INVOLVING CHILDREN,AGG CRIM SEX ABUSE FAM MEMBER,RESIDENCE,false,true,1023,010,28,30,20,1158623,1890589,2010,06/14/2011 10:33:44 AM,41.855513161,-87.693261888,"(41.855513161, -87.693261888)"
7975235,HT206918,06/01/2010 12:00:00 AM,032XX N LECLAIRE AVE,0560,ASSAULT,SIMPLE,"SCHOOL, PUBLIC, BUILDING",false,false,1634,016,30,15,08A,1141833,1921201,2010,03/20/2011 07:13:54 AM,41.939842991,-87.754131229,"(41.939842991, -87.754131229)"
7893987,HT123218,06/01/2010 12:00:00 AM,108XX S HOXIE AVE,1570,SEX OFFENSE,PUBLIC INDECENCY,RESIDENCE,false,true,0434,004,10,51,17,1195278,1833545,2010,02/16/2011 11:48:45 AM,41.698152127,-87.560604454,"(41.698152127, -87.560604454)"
7890998,HT120567,06/01/2010 12:00:00 AM,061XX S FAIRFIELD AVE,1562,SEX OFFENSE,AGG CRIMINAL SEXUAL ABUSE,RESIDENCE,false,false,0825,008,15,66,17,1159064,1863525,2010,01/20/2011 01:54:08 PM,41.781237179,-87.692384194,"(41.781237179, -87.692384194)"
7886699,HT116701,06/01/2010 12:00:00 AM,040XX S PRAIRIE AVE,2820,OTHER OFFENSE,TELEPHONE THREAT,APARTMENT,false,false,0214,002,3,38,26,1178662,1878404,2010,01/17/2011 01:59:53 PM,41.821643173,-87.620081286,"(41.821643173, -87.620081286)"
9188358,HW333298,06/01/2010 12:00:00 AM,085XX S ABERDEEN ST,0843,THEFT,ATTEMPT FINANCIAL IDENTITY THEFT,RESIDENCE,false,false,0613,006,21,71,06,1170441,1848010,2010,06/27/2013 03:12:56 PM,41.738421744,-87.651124696,"(41.738421744, -87.651124696)"
7810339,HS585361,06/01/2010 12:00:00 AM,016XX W BLACKHAWK ST,0266,CRIM SEXUAL ASSAULT,PREDATORY,RESIDENCE,false,false,1433,014,1,24,02,1165191,1909446,2010,11/29/2010 03:37:11 PM,41.907121401,-87.668618162,"(41.907121401, -87.668618162)"
7741639,HS549474,06/01/2010 12:00:00 AM,103XX S DOTY AVE E,0810,THEFT,OVER $500,OTHER,false,false,0434,004,10,51,06,1189796,1837021,2010,10/06/2010 07:26:17 AM,41.707823879,-87.580565153,"(41.707823879, -87.580565153)"
7678239,HS482624,06/01/2010 12:00:00 AM,008XX W GRACE ST,2825,OTHER OFFENSE,HARASSMENT BY TELEPHONE,APARTMENT,false,true,2324,019,46,6,26,1170079,1925583,2010,09/01/2010 09:17:11 PM,41.951296743,-87.650190244,"(41.951296743, -87.650190244)"
7651737,HS408630,06/01/2010 12:00:00 AM,096XX S EGGLESTON AVE,1751,OFFENSE INVOLVING CHILDREN,CRIM SEX ABUSE BY FAM MEMBER,RESIDENCE,false,false,2223,022,21,73,20,1175159,1840842,2010,09/01/2010 09:46:07 PM,41.718647864,-87.634052396,"(41.718647864, -87.634052396)"
7650634,HS455757,06/01/2010 12:00:00 AM,048XX S CALUMET AVE,2825,OTHER OFFENSE,HARASSMENT BY TELEPHONE,APARTMENT,false,false,0224,002,3,38,26,1179289,1873020,2010,08/15/2010 09:51:57 AM,41.806854724,-87.617945571,"(41.806854724, -87.617945571)"
7643340,HS447605,06/01/2010 12:00:00 AM,017XX N KEELER AVE,2825,OTHER OFFENSE,HARASSMENT BY TELEPHONE,APARTMENT,false,true,2534,025,30,23,26,1148080,1911088,2010,08/10/2010 11:07:56 AM,41.911973869,-87.731432256,"(41.911973869, -87.731432256)"
9348683,HW492744,06/01/2010 12:00:00 AM,028XX N SAWYER AVE,1563,SEX OFFENSE,CRIMINAL SEXUAL ABUSE,RESIDENCE,false,false,1412,014,35,21,17,1154186,1918541,2010,10/31/2013 10:39:52 AM,41.932305741,-87.708801053,"(41.932305741, -87.708801053)"
7637771,HS373626,06/01/2010 12:00:00 AM,048XX W SCHOOL ST,1754,OFFENSE INVOLVING CHILDREN,AGG SEX ASSLT OF CHILD FAM MBR,RESIDENCE,false,false,1634,016,30,15,02,1143225,1921455,2010,08/26/2010 08:37:12 AM,41.940514068,-87.749008774,"(41.940514068, -87.749008774)"
9632126,HX282608,06/01/2010 12:00:00 AM,097XX S EMERALD AVE,1153,DECEPTIVE PRACTICE,FINANCIAL IDENTITY THEFT OVER $ 300,RESIDENCE,false,false,2223,,21,73,11,,,2010,05/31/2014 12:40:12 PM,,,
7635575,HS439957,06/01/2010 12:00:00 AM,028XX W NELSON ST,1750,OFFENSE INVOLVING CHILDREN,CHILD ABUSE,RESIDENCE,true,true,1411,014,33,21,20,1156913,1920105,2010,09/12/2010 01:01:39 PM,41.936542522,-87.698737094,"(41.936542522, -87.698737094)"
7623417,HS427204,06/01/2010 12:00:00 AM,001XX N MICHIGAN AVE,1110,DECEPTIVE PRACTICE,BOGUS CHECK,COMMERCIAL / BUSINESS OFFICE,false,false,0124,001,42,32,11,1177317,1901368,2010,08/03/2010 09:39:53 PM,41.884688492,-87.624319808,"(41.884688492, -87.624319808)"
7613674,HS418467,06/01/2010 12:00:00 AM,038XX W ROSCOE ST,0486,BATTERY,DOMESTIC BATTERY SIMPLE,RESIDENCE,false,true,1732,017,30,21,08B,1150033,1922367,2010,07/20/2010 10:46:51 PM,41.942886601,-87.723962969,"(41.942886601, -87.723962969)"
7608771,HS408629,06/01/2010 12:00:00 AM,058XX S INDIANA AVE,1751,OFFENSE INVOLVING CHILDREN,CRIM SEX ABUSE BY FAM MEMBER,RESIDENCE,false,false,0233,002,20,40,20,1178642,1866155,2010,07/19/2010 11:55:22 AM,41.788031282,-87.620527324,"(41.788031282, -87.620527324)"
7585510,HS389175,06/01/2010 12:00:00 AM,069XX N BELL AVE,2825,OTHER OFFENSE,HARASSMENT BY TELEPHONE,RESIDENCE,false,false,2411,024,50,2,26,1160243,1945597,2010,08/03/2010 01:51:20 PM,42.006425465,-87.685790814,"(42.006425465, -87.685790814)"
7564649,HS369408,06/01/2010 12:00:00 AM,055XX S LOOMIS BLVD,1150,DECEPTIVE PRACTICE,CREDIT CARD FRAUD,RESIDENCE,false,false,0713,007,16,67,11,1167903,1867918,2010,06/24/2010 12:11:50 PM,41.793106734,-87.659852272,"(41.793106734, -87.659852272)"
7557598,HS361844,06/01/2010 12:00:00 AM,025XX W 40TH ST,1750,OFFENSE INVOLVING CHILDREN,CHILD ABUSE,RESIDENCE,false,true,0914,009,12,58,20,1159893,1878089,2010,06/21/2010 08:27:25 AM,41.821185689,-87.688944589,"(41.821185689, -87.688944589)"
7555240,HS359128,06/01/2010 12:00:00 AM,012XX W 70TH ST,1310,CRIMINAL DAMAGE,TO PROPERTY,APARTMENT,false,false,0734,007,17,67,14,1169334,1858325,2010,06/22/2010 11:43:53 AM,41.766751498,-87.654882486,"(41.766751498, -87.654882486)"
7555160,HS337307,06/01/2010 12:00:00 AM,073XX W FOSTER AVE,0890,THEFT,FROM BUILDING,GROCERY FOOD STORE,false,false,1613,016,41,10,06,1126188,1933745,2010,06/16/2010 10:08:02 AM,41.974540838,-87.811351745,"(41.974540838, -87.811351745)"
7542612,HS346627,06/01/2010 12:00:00 AM,037XX W 86TH ST,2826,OTHER OFFENSE,HARASSMENT BY ELECTRONIC MEANS,RESIDENCE,false,true,0834,008,18,70,26,1152796,1847320,2010,06/10/2010 06:43:53 AM,41.736893912,-87.715790764,"(41.736893912, -87.715790764)"
7537326,HS340621,06/01/2010 12:00:00 AM,043XX W MONROE ST,0820,THEFT,$500 AND UNDER,STREET,false,false,1115,011,28,26,06,1147506,1899269,2010,06/04/2010 09:46:40 AM,41.879552293,-87.73384437,"(41.879552293, -87.73384437)"
7537126,HS340453,06/01/2010 12:00:00 AM,055XX N WAYNE AVE,1150,DECEPTIVE PRACTICE,CREDIT CARD FRAUD,RESIDENCE,false,false,2013,020,48,77,11,1166259,1937227,2010,07/03/2010 04:12:09 PM,41.983330997,-87.663897926,"(41.983330997, -87.663897926)"
7536001,HS339638,06/01/2010 12:00:00 AM,038XX W 64TH PL,0610,BURGLARY,FORCIBLE ENTRY,RESIDENCE,false,false,0823,008,13,65,05,1151567,1861507,2010,06/10/2010 06:49:48 AM,41.77584953,-87.719922893,"(41.77584953, -87.719922893)"
7533395,HS337110,06/01/2010 12:00:00 AM,051XX N WOLCOTT AVE,1320,CRIMINAL DAMAGE,TO VEHICLE,STREET,false,false,2032,020,47,4,14,1162922,1934427,2010,06/02/2010 06:55:21 AM,41.975718605,-87.676249736,"(41.975718605, -87.676249736)"
7533364,HS337072,06/01/2010 12:00:00 AM,005XX N UNION AVE,0820,THEFT,$500 AND UNDER,STREET,false,false,1323,012,27,24,06,1171399,1903706,2010,06/01/2010 01:26:26 PM,41.891236229,-87.645982591,"(41.891236229, -87.645982591)"
7533025,HS336586,06/01/2010 12:00:00 AM,004XX N STATE ST,0460,BATTERY,SIMPLE,STREET,false,false,1831,018,42,8,08B,1176262,1903061,2010,06/02/2010 07:15:19 AM,41.889358029,-87.628142784,"(41.889358029, -87.628142784)"
7532944,HS336646,06/01/2010 12:00:00 AM,049XX S KOLIN AVE,1320,CRIMINAL DAMAGE,TO VEHICLE,STREET,false,false,0815,008,23,57,14,1148234,1871550,2010,06/01/2010 10:54:39 AM,41.803473695,-87.73188398,"(41.803473695, -87.73188398)"
7532933,HS336765,06/01/2010 12:00:00 AM,042XX W 65TH ST,1305,CRIMINAL DAMAGE,CRIMINAL DEFACEMENT,PARK PROPERTY,false,false,0833,008,13,65,14,1149106,1861130,2010,06/01/2010 10:34:53 AM,41.774862797,-87.728954531,"(41.774862797, -87.728954531)"
7532492,HS336526,06/01/2010 12:00:00 AM,060XX N KENMORE AVE,0486,BATTERY,DOMESTIC BATTERY SIMPLE,STREET,false,true,2433,024,48,77,08B,1168191,1940171,2010,06/03/2010 03:39:07 PM,41.991367745,-87.656706899,"(41.991367745, -87.656706899)"
7532469,HS336441,06/01/2010 12:00:00 AM,105XX S HALSTED ST,0610,BURGLARY,FORCIBLE ENTRY,SMALL RETAIL STORE,false,false,2233,022,34,73,05,1172801,1835100,2010,06/03/2010 02:17:49 PM,41.702943203,-87.642857554,"(41.702943203, -87.642857554)"
7532430,HS336484,06/01/2010 12:00:00 AM,079XX S EBERHART AVE,2825,OTHER OFFENSE,HARASSMENT BY TELEPHONE,RESIDENCE,false,false,0624,006,6,44,26,1180917,1852228,2010,06/06/2010 11:29:30 AM,41.749762121,-87.612613775,"(41.749762121, -87.612613775)"
7532390,HS336402,06/01/2010 12:00:00 AM,043XX S HONORE ST,143A,WEAPONS VIOLATION,UNLAWFUL POSS OF HANDGUN,SIDEWALK,true,false,0914,009,12,61,15,1164789,1875667,2010,06/01/2010 07:59:11 AM,41.814437286,-87.671052054,"(41.814437286, -87.671052054)"
9153495,HW298293,06/01/2010 12:00:00 AM,059XX W WASHINGTON BLVD,0840,THEFT,FINANCIAL ID THEFT: OVER $300,RESIDENCE,false,false,1512,015,29,25,06,1136962,1900180,2010,06/03/2013 10:42:39 AM,41.882247779,-87.772539064,"(41.882247779, -87.772539064)"
